Pais;Anio;Sector;Tamanio;Total_activos;Facturacion;Valor_bruto_agregado;Trabajadores;Solvencia;Apalancamiento;Liquidez;EBITDA_Ingresos_netos;Beneficio_econ_ingresos_netos;EBIT_Ingresos_netos;Rotacion_activos;Salarios_VA
ES;2000;C;1;23905214;31007551;10007751;373389;262,14;162,14;62,91;9,46;5,57;5,95;129,71;70,56
ES;2000;C;2;20075992;21374150;5824140;126730;229,26;129,26;61,18;10,2;6,37;7,46;106,47;64,3
ES;2000;C;3;102142462;134617239;26407881;355156;233,97;133,97;48,72;10,25;5,92;5,34;131,79;51,47
ES;2000;F;1;16761761;14690354;5031775;201849;310,77;210,76;72,17;9,16;6,34;7,39;87,64;74,39
ES;2000;F;2;7699933;4398937;1238913;24551;340,05;240,05;75,83;14,4;10,67;12,71;57,13;52,58
ES;2000;F;3;30152626;16348067;4183849;78999;262,27;162,27;63,85;11,27;7,29;9,21;54,22;65,23
ES;2000;G;1;27808568;51617827;8242148;328371;326,14;226,14;72,48;4,7;3,06;3,4;185,62;70,73
ES;2000;G;2;10127957;21064085;2442174;59347;273,17;173,17;73,68;4,84;3,29;3,71;207,98;60,92
ES;2000;G;3;43781646;86866467;10411765;250678;273;173;51,92;5,62;3,11;3,35;198,41;57,67
ES;2001;C;1;27826064;35456465;11564529;417996;258,04;158,04;61,81;9,14;5,18;5,59;127,42;71,75
ES;2001;C;2;20552929;21750912;5824950;119889;225,56;125,52;59,7;10,58;7,52;7,12;105,83;62,19
ES;2001;C;3;108369871;133243843;24365699;342241;237,71;137,71;46,12;9,35;4,51;4,84;122,95;55,8
ES;2001;F;1;21587230;18678202;6569971;248939;306,59;206,6;71,87;9,38;6,67;7,45;86,52;74,03
ES;2001;F;2;9376770;5005387;1346114;23373;340,23;240,23;75,41;15,06;11,47;12,57;53,38;49,25
ES;2001;F;3;32381604;19466206;4686316;75812;279,87;179,87;70,21;11,14;7;8,37;60,12;62,04
ES;2001;G;1;33254085;60826559;9982258;382149;321,54;221,55;71,71;4,76;2,99;3,37;182,91;71,37
ES;2001;G;2;10657552;22280024;2594503;62443;278,13;178,13;74,06;4,87;3,22;3,93;209,05;61,63
ES;2001;G;3;48253394;93911910;12082113;298099;267,35;167,35;50,16;6,03;3,52;3,9;194,62;58,39
ES;2002;C;1;33206844;40705337;13443972;472724;256,43;156,43;61,32;9;4,76;5,12;122,58;72,61
ES;2002;C;2;24484084;26022430;6862083;139135;228,33;128,33;59,84;10,83;6,1;5,67;106,28;60,19
ES;2002;C;3;114406829;133472986;24096024;341806;243,05;143,04;45,06;9,04;4,16;4,38;116,67;58,26
ES;2002;F;1;26634427;22955480;8164488;303711;297,77;197,77;70,24;9,28;6,3;7,15;86,19;74,92
ES;2002;F;2;10327190;6222981;1638703;27395;328,63;228,63;79,14;14,66;11,54;12,53;60,26;48,55
ES;2002;F;3;42165099;23680192;5337549;78850;286,9;186,9;69,38;11,04;7,49;8,18;56,16;58,27
ES;2002;G;1;39510333;68806289;11637262;439353;319,09;219,09;71,05;4,62;2,83;3,11;174,15;72,65
ES;2002;G;2;14203975;28359302;3431636;80528;281,74;181,74;73,75;4,84;3,22;3,58;199,66;62,26
ES;2002;G;3;52361466;100945516;14063907;327002;263,85;163,85;50,24;6,41;3,84;3,74;192,79;57,34
ES;2003;C;1;39363688;46571879;15454098;527812;253,85;153,85;60,95;8,57;4,36;4,86;118,31;73,96
ES;2003;C;2;29404284;29775310;7765078;155751;227,66;127,66;58,38;10,44;5,42;5,5;101,26;61,19
ES;2003;C;3;114979703;135370179;25869058;346808;243,48;143,48;44,86;9,68;4,47;4,62;117,73;56,1
ES;2003;F;1;35494291;28916079;10431883;370777;303,51;203,52;70,05;9,32;6,39;7,43;81,47;75,07
ES;2003;F;2;12789280;7554584;2044324;31111;324,21;224,21;75,9;15,64;12,47;13,32;59,07;45,27
ES;2003;F;3;51779007;26821149;6387743;83659;273,8;173,8;67,5;12,61;8,93;10,77;51,8;52,4
ES;2003;G;1;48405149;81940129;14128024;512363;314,34;214,34;70,3;4,76;2,85;3,3;169,28;72,86
ES;2003;G;2;16796576;34335331;4198834;95957;272,85;172,84;73,36;4,91;3,27;3,71;204,42;61,97
ES;2003;G;3;64853210;131385821;16588202;379879;271,5;171,5;51,56;5,78;3,34;3,61;202,59;57,53
ES;2004;C;1;42698118;48570660;15934723;531936;256,35;156,35;60,55;8,27;4,05;4,7;113,75;74,66
ES;2004;C;2;30747369;32198486;8272150;165429;220,78;120,78;60,36;9,89;5,43;6,59;104,72;62,54
ES;2004;C;3;129899455;154476942;30718248;374685;250,3;150,3;48,07;10,79;5,45;5,09;118,92;52,73
ES;2004;F;1;41089647;31884475;11394480;391870;296,9;196,9;69,41;9,57;6,33;7,58;77,6;74,61
ES;2004;F;2;19892788;10442572;2836951;40463;367,78;267,78;78,08;16,04;12,95;14,37;52,49;43,94
ES;2004;F;3;53371430;30913819;8155947;97380;439,76;339,76;74,42;14,83;11,18;12,5;57,92;48,98
ES;2004;G;1;55134125;90386486;15697043;557216;313,33;213,33;69,73;4,69;2,75;3,24;163,94;73,46
ES;2004;G;2;19355478;38661102;4805433;104924;270,15;170,15;73,07;5,08;3,57;3,99;199,74;60,81
ES;2004;G;3;77402069;159763540;19631305;441254;274,79;174,79;52,49;5,86;3,41;3,58;206,41;57,08
ES;2005;C;1;48402993;53822146;17719740;570934;258,38;158,38;60,61;8,24;3,75;4,54;111,2;75,21
ES;2005;C;2;34955817;35906770;9396879;180388;222,46;122,46;59,7;10,48;5,14;6,25;102,72;61,94
ES;2005;C;3;149464750;175271881;32675420;387990;266,45;166,45;47,82;10,39;5,11;6,83;117,27;52,4
ES;2005;F;1;51759479;38476499;13685401;456275;308,9;208,9;69,57;9,37;6,23;7,54;74,34;75,26
ES;2005;F;2;23054086;11771697;3205805;46321;359,75;259,75;79,15;15,35;12,47;13,7;51,06;46,13
ES;2005;F;3;72502536;37754868;9565523;110733;453,36;353,36;70,94;14,5;11,24;13,46;52,07;48,58
ES;2005;G;1;63735988;100260208;17570123;606277;312,58;212,58;69,51;4,63;2,67;3,24;157,31;74,23
ES;2005;G;2;25067813;48447636;5966903;124750;274,56;174,56;74,51;4,98;3,43;3,87;193,27;61,86
ES;2005;G;3;87946201;186024636;21559827;478066;278,03;178,03;53,84;5,67;3,26;3,78;211,52;57,39
ES;2006;C;1;50310216;56251780;18453073;567371;262,73;162,73;61,85;8,21;3,9;4,68;111,81;75,19
ES;2006;C;2;37737233;39277633;9932493;188941;227,2;127,2;61,09;9,88;4,88;6,55;104,08;62,83
ES;2006;C;3;168444167;202127833;35810157;413131;270,28;170,28;48,6;10,17;4,91;6,47;120;52,17
ES;2006;F;1;57144838;42306126;15173544;484296;320,22;220,22;71,43;9,46;6,3;7,83;74,03;75,42
ES;2006;F;2;29935466;14644831;3894108;55379;354,94;254,94;78,39;15,71;11,89;14,11;48,92;46,98
ES;2006;F;3;105569211;48256091;12434941;120310;470,82;370,82;66,72;17,15;12,44;15,48;45,71;44
ES;2006;G;1;62815852;96568867;17286275;568372;316,18;216,18;69,2;4,8;2,81;3,46;153,73;73,88
ES;2006;G;2;26422604;50602914;6469076;129666;278,81;178,81;74,27;5,22;3,51;4,08;191,51;61,33
ES;2006;G;3;98491349;205864389;23648460;494018;279,89;179,89;52,84;5,6;3,25;3,88;209,02;57,4
ES;2007;C;1;51134797;56648699;18583005;544107;259,76;159,76;61,03;8,5;4,29;4,98;110,78;74,07
ES;2007;C;2;36349033;38826331;9476411;172541;230,07;130,07;61,67;9,53;5,18;5,7;106,82;62,44
ES;2007;C;3;193641271;222155596;40029944;428906;277,57;177,57;47,5;10,78;5,69;6,69;114,73;50,42
ES;2007;F;1;67209903;44341220;16022968;482414;322,18;222,18;70,86;9,83;6,25;7,69;65,97;74,85
ES;2007;F;2;34741676;14254711;4020614;50612;355,94;255,94;79,02;17,56;12,45;14,51;41,03;44,34
ES;2007;F;3;120171530;55764431;12865912;144405;532,87;432,87;69,95;14,06;9,34;11,15;46,4;50,24
ES;2007;G;1;68456909;102606677;18830352;585188;305,32;205,32;68,1;5,08;3,02;3,59;149,89;73
ES;2007;G;2;30234215;56793339;7429217;142769;274,58;174,58;73,2;5,29;3,63;4,02;187,84;61,25
ES;2007;G;3;108376486;221333556;25826383;514799;292,59;192,59;54,24;5,72;3,25;4;204,23;57,3
ES;2008;C;1;44419302;48595524;16293985;487828;252,64;152,64;60,13;6,95;2,67;3,52;109,4;80,47
ES;2008;C;2;26861919;29232681;7456147;141117;217,87;117,88;60,51;9,06;3,96;4,39;108,83;68,02
ES;2008;C;3;199201748;208386201;35199283;420921;258,51;158,51;40,14;9,17;2,64;3,28;104,61;59,13
ES;2008;F;1;51178755;38807367;14144245;441416;297,02;197,02;68,3;6,63;3,51;4,31;75,83;83,53
ES;2008;F;2;20220880;9864318;2684339;43540;327,45;227,45;74,7;12,3;6,73;7,77;48,78;61,79
ES;2008;F;3;96349429;51014347;10792717;134970;696,49;596,49;70,55;11,44;5,04;-5,96;52,95;62,02
ES;2008;G;1;59275918;87431193;16430760;528710;300,54;200,54;66,76;4,1;2,06;2,61;147,5;79,94
ES;2008;G;2;20088270;35631826;4796776;99184;241,05;141,05;69,52;4,96;3,06;3,61;177,38;66,29
ES;2008;G;3;107864513;194031703;25411252;533911;291,84;191,84;47,33;6,15;2,87;3,85;179,88;61,32
ES;2009;C;1;55847717;48556082;16837322;522096;244,27;144,27;57,77;5,7;0,65;1,7;86,94;84,69
ES;2009;C;2;31291317;29500606;8068204;157717;217,46;117,46;58,1;9,03;3,12;4,21;94,28;70,51
ES;2009;C;3;203155619;169588770;30593945;412886;268,24;168,24;41,07;8,26;1,16;1,31;83,48;66,86
ES;2009;F;1;74720824;38346711;14397033;446899;282,78;182,78;68,18;6,22;2,49;3,4;51,32;85,5
ES;2009;F;2;20346669;10522206;2967756;51702;304,99;204,99;72,75;10,47;5,57;8,9;51,71;67,77
ES;2009;F;3;97050224;47300961;10661323;139521;696,78;596,78;68,44;10,57;4,47;3,69;48,74;63,6
ES;2009;G;1;74977695;94791220;18505859;610891;285,36;185,36;64,98;3,49;1,24;1,86;126,43;83,66
ES;2009;G;2;24602457;40283118;5584865;123663;236,87;136,87;67,73;4,48;2,3;2,9;163,74;70,78
ES;2009;G;3;111408737;178117673;24478122;530309;280,8;180,8;46,88;6,06;2,97;3,66;159,88;63,94
ES;2010;C;1;57009166;48199006;16076994;485267;234,06;134,06;58,03;5,51;0,66;1,59;84,55;84,62
ES;2010;C;2;34123303;32774848;8402537;153895;216,45;116,45;58,01;8,72;3,41;4,13;96,05;68,8
ES;2010;C;3;228039251;195378854;34183851;408219;248,24;148,24;42,28;9,41;3,28;5,67;85,68;59,16
ES;2010;F;1;78472734;34333450;12346690;388841;261,1;161,1;66,19;4,8;0,93;1,88;43,75;88,92
ES;2010;F;2;23670927;8899223;2505828;47782;361,3;261,3;70,39;7,67;1,9;1,93;37,6;75,9
ES;2010;F;3;108932338;41133894;8652328;125048;708,58;608,58;66,17;8,74;0,5;0,27;37,76;72,42
ES;2010;G;1;77480318;96242341;18033016;580854;273,54;173,53;65,34;3,31;1,22;1,75;124,22;83,69
ES;2010;G;2;25961089;44362391;6149791;133565;233,53;133,53;68,9;4,48;2,59;2,92;170,88;69,89
ES;2010;G;3;112549612;181872311;24803034;534301;283,87;183,87;46,99;6,25;2,88;3,95;161,59;63,96
ES;2011;C;1;57148704;49040008;15958234;476121;228,34;128,34;57,36;4,91;0,33;1,23;85,81;86,19
ES;2011;C;2;37663082;37863239;9406525;170206;212,05;112,05;57,52;8,32;3,47;3,88;100,53;68,86
ES;2011;C;3;229009317;213458235;33974130;407985;248,15;148,15;42,22;8,4;2,88;7,62;93,21;60,94
ES;2011;F;1;70906192;28684308;10403362;341960;238,14;138,14;62,79;3,02;-1,15;-0,25;40,45;94,28
ES;2011;F;2;25938992;7942929;2107062;43244;462,09;362,09;73,16;6,48;-3,99;-4,5;30,62;84,83
ES;2011;F;3;97360517;33572702;7769410;108928;912,37;812,37;66,62;11,74;-1,55;-0,82;34,48;69,98
ES;2011;G;1;79410842;98768966;18104326;588527;264,31;164,31;65,25;2,83;0,79;1,33;124,38;86,16
ES;2011;G;2;27161178;47841157;6402538;140893;233,09;133,09;68,58;4,04;2,18;2,5;176,14;72,25
ES;2011;G;3;118870120;190456500;25708790;545583;293,73;193,73;46,71;6,29;2,87;3,85;160,22;63,89
ES;2012;C;1;54892230;45436554;14767421;443060;219,74;119,74;57,17;4,6;0,04;0,88;82,77;87,26
ES;2012;C;2;37352603;37458537;9309891;175594;205,67;105,67;58,1;8,11;3,32;3,85;100,28;69,66
ES;2012;C;3;225938001;227287264;33775865;413812;251,84;151,84;42,5;7,99;2,22;3,31;100,6;61,76
ES;2012;F;1;61746072;22719233;8193195;276059;219,72;119,72;59,69;2,37;-2,14;-1,41;36,79;96,43
ES;2012;F;2;15966412;5654337;1574227;35100;393,93;293,93;63,13;4,65;-12,4;-14,53;35,41;90,35
ES;2012;F;3;84852929;27066090;7181761;98656;1446,45;1346,45;66,72;14,99;-7,33;-23,34;31,9;68,58
ES;2012;G;1;76580924;92681006;16656077;555810;255,05;155,05;64,6;2,32;0,31;0,85;121,02;88,8
ES;2012;G;2;26137075;44905727;5908748;137307;225,21;125,21;67,74;3,89;1,85;2,28;171,81;73,95
ES;2012;G;3;119446450;184542036;25203855;549022;282,46;182,46;45,15;6,01;2,58;3,94;154,5;65,93
ES;2013;C;1;54747571;46000029;14938373;428970;213,51;113,51;57,79;5,52;1,21;2,07;84,02;84,37
ES;2013;C;2;38295670;38928189;9593064;170530;204,89;104,89;57,57;8,38;3,64;3,78;101,65;68,53
ES;2013;C;3;192521406;215914626;31419970;394775;257,18;157,18;45,67;6,98;2,11;3,1;112,15;63,95
ES;2013;F;1;57094388;20009224;7519959;250524;207,64;107,64;58,58;2,82;-1,8;-0,32;35,05;95,59
ES;2013;F;2;11255271;4650470;1474263;30981;347,64;247,64;62,02;6,65;-3,97;-6,07;41,32;87,76
ES;2013;F;3;64505607;20936190;5001683;80038;3447,84;3347,84;64,54;10,09;-11,13;-12,97;32,46;83,08
ES;2013;G;1;77893054;93768833;16922620;547010;245,83;145,82;64,58;2,79;0,87;1,45;120,38;86,17
ES;2013;G;2;26474216;45544533;5972214;129586;221,71;121,7;68,8;4,08;2,27;2,59;172,03;71,87
ES;2013;G;3;120149611;187211188;25865228;552272;273,82;173,82;43,35;6,44;2,72;4,07;155,82;65,34
ES;2014;C;1;49878693;43667275;14426179;395470;208,56;108,56;58,55;6,69;2,79;3,59;87,55;80,92
ES;2014;C;2;35511795;36212353;9287368;159070;202,51;102,51;56,43;9,37;4,68;5,5;101,97;66,53
ES;2014;C;3;189976584;216890865;32909700;396782;256,76;156,76;45,57;7,45;2,55;7;114,17;61,88
ES;2014;F;1;50582118;19706633;7411436;231422;197,82;97,82;57,69;4,57;0,71;2,01;38,96;90,15
ES;2014;F;2;9881082;3793092;1256022;25874;447,19;347,19;57,01;8,17;-2,97;-3,25;38,39;83,77
ES;2014;F;3;49140064;18390491;4789228;72191;500,24;400,24;64,25;10,57;3,47;5,27;37,42;75,5
ES;2014;G;1;72438543;89244087;16346171;504754;238,58;138,58;65,5;3,4;1,65;2,2;123,2;82,98
ES;2014;G;2;25777594;45338507;6281587;129921;222,43;122,43;68,47;4,56;2,77;2,92;175,88;69,88
ES;2014;G;3;123245364;210055043;25235237;543988;261,85;161,85;43,26;5,27;2,21;3,8;170,44;66,88
ES;2015;C;1;48750123;44223227;14939110;394886;205,96;105,96;59,15;7,5;3,9;4,55;90,71;78,62
ES;2015;C;2;37193416;38127892;9754148;160959;204,46;104,46;57,17;9,63;5,71;6,09;102,51;64,73
ES;2015;C;3;189023870;209654631;37109153;404176;249,67;149,67;45,44;8,96;4,32;4,07;110,91;55,67
ES;2015;F;1;54487813;20456629;7626481;229415;213,2;113,2;58,34;5,81;2,27;3,29;37,54;86,59
ES;2015;F;2;11708126;5417352;1706162;29829;267,32;167,32;54,38;10,49;4,42;5,7;46,27;74,6
ES;2015;F;3;44323746;16671298;4407488;69790;434,36;334,36;63,75;8,54;1,56;6,04;37,61;79,37
ES;2015;G;1;69236435;87273964;16268833;485558;234,67;134,67;65,89;3,98;2,36;2,82;126,05;79,87
ES;2015;G;2;27241144;47690788;6743920;133768;231,22;131,22;69,53;4,78;3,14;3,47;175,07;68,23
ES;2015;G;3;126395201;199193210;26420357;541205;250,45;150,45;42;6,51;2,88;4,29;157,6;63,67
ES;2016;C;1;52001344;47309677;16174896;422089;205,83;105,83;59,49;7,8;4,33;4,9;90,98;77,87
ES;2016;C;2;36223358;37640200;9934474;160457;197,45;97,45;57,96;10,33;5,83;6,7;103,91;63,58
ES;2016;C;3;192419088;209172596;39504750;409535;247,73;147,73;46,65;9,98;5,01;6,63;108,71;54,41
ES;2016;F;1;61376176;23622516;8963856;266590;213,67;113,67;57,83;6,21;3;3,9;38,49;85,33
ES;2016;F;2;11948968;4989347;1646220;30938;257;157;55,37;9,22;4,61;5,83;41,76;78,65
ES;2016;F;3;46351097;16367438;3916540;66676;499,62;399,62;62,09;7,77;-1,31;0,46;35,31;85,16
ES;2016;G;1;76157422;96452483;18185357;530684;234,08;134,08;66,22;4,27;2,69;3,13;126,65;78,47
ES;2016;G;2;28350942;50024887;6954868;134261;225,68;125,68;70,55;4,97;3,49;3,86;176,45;66,04
ES;2016;G;3;126138418;200991049;27915722;547932;260,55;160,55;47,85;6,83;3,28;4,89;159,34;63,65
ES;2017;C;1;53773728;50240912;17289519;443011;201,83;101,83;59,96;7,89;4,5;5,03;93,43;77,69
ES;2017;C;2;40095951;42097239;11080477;176352;197,62;97,62;59,09;10,13;6,05;6,59;104,99;62,91
ES;2017;C;3;202005346;238204060;42349894;430871;241,32;141,32;48,66;9,75;5;6,52;117,92;52,73
ES;2017;F;1;62198973;27441245;10425144;297211;207,59;107,59;57,52;6,89;3,89;4,96;44,12;83,5
ES;2017;F;2;12738070;6076172;1677306;32092;319,95;219,95;56,47;8,49;1,11;7,29;47,7;81,58
ES;2017;F;3;54469406;18899778;4145608;71276;479,03;379,03;58,89;6,98;-3,22;-1,62;34,7;84,71
ES;2017;G;1;80834571;104644191;19986723;566371;231,07;131,07;66,23;4,48;2,96;3,36;129,45;77,6
ES;2017;G;2;32945809;56953258;8103837;156374;227,1;127,1;70,78;5,07;3,61;3,84;172,87;66,13
ES;2017;G;3;132291712;223898310;29533288;594783;255,31;155,31;48,46;6,42;3,08;4,47;169,25;63,86
ES;2018;C;1;50900127;48656510;16837952;425095;197,8;97,8;60,14;7,94;4,64;5,13;95,59;77,74
ES;2018;C;2;36773815;38550024;10080953;163923;197,7;97,7;59,23;10,18;5,79;6,59;104,83;63,37
ES;2018;C;3;216274083;249816628;43346251;438858;228,14;128,14;46,17;9,5;4,43;6,18;115,51;54,25
ES;2018;F;1;59571888;29234791;11237695;308742;201,44;101,44;57,22;7,32;4,45;5,29;49,07;82,39
ES;2018;F;2;10986092;6416882;1893454;33983;241,19;141,19;56,78;9,49;4,06;7,13;58,41;77,57
ES;2018;F;3;54695012;20296635;4152649;76028;309,36;209,36;57,26;7,68;-0,37;2,37;37,11;89,05
ES;2018;G;1;76965619;101991087;19786418;545954;224,02;124,02;66,48;4,63;3,13;3,54;132,52;77,09
ES;2018;G;2;30691632;54783699;7702042;148862;223,34;123,34;71,07;4,98;3,5;3,8;178,5;66,72
ES;2018;G;3;157617566;257926131;31067186;606755;226,69;126,69;49,43;6,97;2,73;9,72;163,64;63,52
ES;2019;C;1;32517687;30719932;10720820;264828;189,16;89,16;59,83;8,06;4,66;5,33;94,47;77,52
ES;2019;C;2;28356076;29562631;7722145;122224;191,36;91,36;59,4;10,1;5,95;6,69;104,26;62,88
ES;2019;C;3;142165931;175416492;27787643;271064;260,85;160,85;47,01;8,8;3,39;5,26;123,39;54,26
ES;2019;F;1;36861013;19259985;7530378;199616;188,07;88,07;56,96;7,86;5,06;6,08;52,25;81,48
ES;2019;F;2;8235630;5050044;1390658;24208;212,1;112,1;60,6;8,4;3,71;5,48;61,32;75,08
ES;2019;F;3;29358016;12059067;3103969;45038;209,27;109,27;59,6;10,83;4,23;7,33;41,08;73,53
ES;2019;G;1;47329835;62670356;12374677;332549;214,67;114,67;66,05;4,71;3,17;3,64;132,41;77,11
ES;2019;G;2;23431438;40414488;5849596;110854;215,65;115,65;71,03;5,1;3,62;3,74;172,48;66,77
ES;2019;G;3;115865438;185726376;23509594;429894;209;109;50,65;7,38;3,06;12,04;160,29;61,64
FR;2000;C;1;68689094;88167270;31083923;785542;267,93;167,93;67,23;8,52;4,73;5,78;128,36;77,96
FR;2000;C;2;81864815;109829585;29765581;649542;299,39;199,39;70,45;7,78;4,05;4,73;134,16;73,77
FR;2000;C;3;426403152;553533882;100505172;1461708;301,45;201,45;57,81;7,96;4,1;5,12;129,81;64,91
FR;2000;F;1;31957887;41882763;14968038;379446;399;299;75,87;7,78;4,66;6,49;131,06;82,1
FR;2000;F;2;14634142;17100265;4867941;114228;555,25;455,25;80,49;5,95;2,89;5,11;116,85;84,77
FR;2000;F;3;20335370;21256526;5721079;133978;831,69;731,69;82,73;4,69;2,55;3,96;104,53;89,5
FR;2000;G;1;78494926;136289638;23985291;577075;281,77;181,77;67,15;4,9;3,11;3,97;173,63;76,16
FR;2000;G;2;71183519;159644984;19473235;431190;363,1;263,1;78,23;3,73;2,45;3;224,27;73,4
FR;2000;G;3;153307039;362045964;34497031;700869;394,98;294,98;70,34;3,91;2,45;3,11;236,16;66,82
FR;2001;C;1;65935565;89731214;31852435;784989;288,28;188,28;70,65;8,57;4,59;5,52;136,09;77,87
FR;2001;C;2;83276762;112791647;30290713;663135;292,24;192,24;69,77;7,52;3,66;4,24;135,44;74,55
FR;2001;C;3;421082220;543319886;93626767;1410215;309,46;209,46;55,93;7,38;3,1;3,59;129,03;67,88
FR;2001;F;1;36853883;45430358;16606113;401420;356,96;256,96;74,8;8,46;4,95;7,11;123,27;81,5
FR;2001;F;2;15503983;19588228;5695524;125066;566,17;466,17;83,64;6,03;3,28;4,63;126,34;83,99
FR;2001;F;3;24434216;22327650;5757278;131155;741,94;641,94;79,92;4,84;1,98;4,46;91,38;91,57
FR;2001;G;1;72215681;137534160;24720940;577254;322,19;222,19;74,08;5,08;3,25;4,1;190,45;75,57
FR;2001;G;2;74691473;172130547;21301497;463015;351,09;251,09;77,75;3,94;2,47;3,1;230,46;72,62
FR;2001;G;3;167971783;397305658;38875905;814159;401,34;301,34;72,26;3,87;2,48;3,16;236,53;67,98
FR;2002;C;1;67265740;88334197;31356021;769248;273,87;173,87;69,89;7,92;4,06;4,68;131,32;79,28
FR;2002;C;2;83103926;111842692;30582444;658635;288,11;188,11;69,71;7,3;3,48;3,73;134,58;75,62
FR;2002;C;3;403124522;543615200;95585240;1418158;314,99;214,99;57,41;7,02;3,09;3,53;134,85;68,69
FR;2002;F;1;41329621;50072822;18826265;437233;320,34;220,34;72,04;8,36;4,52;6,42;121,15;82,36
FR;2002;F;2;19522456;22177937;7028051;142306;499,24;399,24;81,82;6,83;3,41;5,02;113,6;84,14
FR;2002;F;3;26117056;25118119;7734486;140801;466,3;366,3;74,46;6,75;4,39;6,64;96,18;84,95
FR;2002;G;1;78783853;141343529;25887207;597320;284,4;184,4;70,05;4,93;3,09;3,95;179,41;76,59
FR;2002;G;2;75794432;175475910;22189820;480751;336,85;236,85;76,72;3,87;2,49;2,99;231,52;73,15
FR;2002;G;3;175325016;414300685;42681324;868866;370,03;270,03;70,15;4,07;2,52;3,06;236,3;68,58
FR;2003;C;1;64833630;86044262;30374585;737266;266,01;166,01;71,09;7,31;3,58;4,38;132,72;80,93
FR;2003;C;2;83557640;110905948;30465122;646971;284,38;184,38;69,76;7;3,32;3,75;132,73;76,83
FR;2003;C;3;409806822;558083047;96974795;1413690;304,37;204,37;55,58;6,84;3,05;3,66;136,18;70,14
FR;2003;F;1;38920769;49023304;17899102;415745;343,36;243,36;76,89;8,19;4,83;6,77;125,96;81,79
FR;2003;F;2;19256226;21821217;6228092;131398;471,46;371,46;82,05;7,04;3,64;5,69;113,32;83,12
FR;2003;F;3;26229239;25414382;6607945;133132;632,82;532,82;77,54;5,03;2,29;3,48;96,89;89,28
FR;2003;G;1;79681424;142828730;26609610;600895;272,72;172,72;69,91;5,17;3,19;4,45;179,25;76,92
FR;2003;G;2;75114948;175750682;22508354;476120;325,76;225,76;76,42;3,87;2,53;3;233,98;73,35
FR;2003;G;3;202682621;441969977;46095233;910619;343,03;243,03;67,71;4,21;2,62;3,6;218,06;68,18
FR;2004;C;1;64409270;86029394;30472284;707210;263,7;163,7;70,96;7,5;3,94;4,63;133,57;80,16
FR;2004;C;2;83832093;111333361;30966383;623778;277,25;177,25;70,38;7,38;3,92;4,24;132,81;75,63
FR;2004;C;3;394043548;557787667;98626025;1373919;300,86;200,86;57,6;6,98;3,5;4,52;141,55;68,44
FR;2004;F;1;40928115;52972423;19139189;426630;338,02;238,02;77,22;8,18;4,98;6,98;129,43;81,49
FR;2004;F;2;20232099;23633621;6662261;132690;451,39;351,39;82,25;7,51;4,26;7,06;116,81;81,7
FR;2004;F;3;29892690;28571072;7730463;149974;706,72;606,72;77,25;4,61;2,95;5,99;95,58;89,23
FR;2004;G;1;83145014;145535815;27337948;598389;270,3;170,3;70,97;5,06;3,35;4,15;175,04;76,38
FR;2004;G;2;76729852;180640604;23453114;475926;324,89;224,89;76,98;3,95;2,71;3,11;235,42;72,86
FR;2004;G;3;212289174;479335334;48941285;929460;320,36;220,36;66,74;4,02;2,68;3,68;225,79;67,64
FR;2005;C;1;63459820;85497914;29921306;673211;266,62;166,62;72,24;7,27;3,97;4,75;134,73;80,63
FR;2005;C;2;84714613;111531905;30572830;601498;275,39;175,39;70,38;7,01;3,81;4,04;131,66;76,7
FR;2005;C;3;427771361;499281758;103921945;1396569;273,63;173,63;55,43;8,18;4,16;5,09;116,72;68,73
FR;2005;F;1;42069384;56476978;20457331;437595;346,85;246,84;79,09;8,63;5,33;7,29;134,25;80,33
FR;2005;F;2;22551630;26660041;7509571;143415;463,01;363,01;83,38;7,58;4,51;6,88;118,22;80,26
FR;2005;F;3;37176381;33695146;8933145;170298;619,9;519,9;81,31;5,31;3,06;7,28;90,64;89,92
FR;2005;G;1;77870374;148211315;27666720;597944;287,77;187,77;72,86;4,6;3,08;3,72;190,33;77,61
FR;2005;G;2;80949724;187390790;23648505;473383;323,99;223,99;77,54;3,68;2,52;3,02;231,49;74,14
FR;2005;G;3;234243621;532426730;51843762;964210;324,17;224,17;67,14;3,76;2,45;3,02;227,3;68,89
FR;2006;C;1;65473981;85285025;29874923;644262;255,19;155,19;70,8;7,7;4,41;5,39;130,26;79,65
FR;2006;C;2;84656644;114291349;30711859;584711;271,11;171,11;70,49;6,96;4,13;4,34;135,01;76,6
FR;2006;C;3;439013877;504907662;101119867;1338849;267,52;167,52;53,82;8,12;4,22;5,44;115,01;68,95
FR;2006;F;1;45398606;61107994;22131149;452125;345,1;245,1;80,43;8,97;5,63;7,84;134,6;79,46
FR;2006;F;2;27068230;31051467;8512473;153853;466,45;366,45;84,46;8,26;5,01;7,88;114,72;78,93
FR;2006;F;3;43618672;41538397;10940108;199502;586,56;486,56;80,19;6,06;3,31;6,79;95,23;88,38
FR;2006;G;1;79952668;152636478;28315079;597421;305,11;205,11;73,87;4,52;3,05;3,72;190,91;78,12
FR;2006;G;2;86738637;193683297;24390429;471944;330,25;230,25;77,6;3,73;2,59;3,05;223,3;73,99
FR;2006;G;3;246326285;548108380;55955863;996851;317,86;217,86;67,52;4,22;2,81;3,43;222,51;67,21
FR;2007;C;1;63657882;86468056;30295105;625548;264,62;164,62;72,86;8,19;5,02;6,03;135,83;78,32
FR;2007;C;2;87223197;117894460;31855169;573144;268,66;168,66;70,32;7,51;4,66;5,24;135,16;74,78
FR;2007;C;3;457729202;542619666;105854269;1359758;278,58;178,58;54,66;8,07;4,63;6,57;118,55;69,76
FR;2007;F;1;50137698;67898628;24475749;477331;348,63;248,63;79,94;9,48;5,97;8,25;135,42;78,6
FR;2007;F;2;27576369;34535395;9524483;160786;492,56;392,56;85,67;7,93;5,34;7,22;125,24;76,56
FR;2007;F;3;55558674;51433897;13110658;225859;586,92;486,92;78,48;7,45;3,59;8,56;92,58;86,77
FR;2007;G;1;85073692;159487348;30142036;604811;288,4;188,4;72,05;4,98;3,46;4,29;187,47;76,54
FR;2007;G;2;90856600;201547986;25845715;472933;318,1;218,1;76,88;4,14;2,89;3,65;221,83;72,18
FR;2007;G;3;260055988;589322392;60121223;1031248;320,52;220,52;68,39;4,13;2,76;3,55;226,61;67,62
FR;2008;C;1;62540878;85868029;29891419;602286;258,26;158,26;72,99;7,88;4,64;5,43;137,3;79,03
FR;2008;C;2;86828820;117716772;31736152;559094;261,31;161,31;69,49;7,49;4,32;4,88;135,57;74,98
FR;2008;C;3;490622778;567977921;106713182;1364868;310,48;210,48;55,32;7,7;3,24;4,05;115,77;71,11
FR;2008;F;1;53223320;72081978;25768532;493720;337,38;237,38;78,76;9,14;5,42;7,63;135,43;79,27
FR;2008;F;2;30297099;37035331;10146372;169415;470,23;370,23;85,13;7,86;4,87;6,85;122,24;77,67
FR;2008;F;3;54838167;56350126;13749851;229014;609,35;509,35;81,63;6,73;3,39;7,68;102,76;86,09
FR;2008;G;1;84794715;161741809;30549892;600044;295,37;195,37;71,79;4,85;3,35;3,98;190,75;76,93
FR;2008;G;2;91446565;206712822;26155741;471910;317,5;217,5;76,61;3,94;2,62;3,16;226,05;73,07
FR;2008;G;3;258624920;631804464;63324839;1053362;331,64;231,64;69,79;4,2;2,57;3,14;244,29;67,46
FR;2009;C;1;62012766;80508519;27871628;597581;244,7;144,7;70,94;5,69;2,35;3,26;129,83;85
FR;2009;C;2;83281136;107182268;29502603;545279;245,61;145,61;67,07;6,58;2,9;3,36;128,7;79,67
FR;2009;C;3;456782227;469087637;93122826;1287487;296,73;196,73;52,85;6,6;2,09;3,23;102,69;78,18
FR;2009;F;1;52857142;70280157;25323764;492760;317,11;217,11;79,11;7,72;4,65;6,17;132,96;81,58
FR;2009;F;2;28696892;34675771;9631209;163267;465,49;365,49;84,17;6,63;4,23;5,65;120,83;80,51
FR;2009;F;3;54330716;55696099;14700562;241197;557,5;457,5;79,06;5,77;3,25;5,37;102,51;86,98
FR;2009;G;1;84800918;158698743;29950133;598742;285,14;185,14;70,82;4,24;2,8;3,24;187,14;79,65
FR;2009;G;2;88196449;194298020;24736470;462457;299,12;199,12;74,27;3,44;2,23;2,71;220,3;76,41
FR;2009;G;3;252881711;612375068;61152896;1071046;317,62;217,62;67,02;3,53;2,18;2,74;242,16;72,21
FR;2010;C;1;61930052;78807390;27591943;561456;244;144;71,61;6,63;3,53;4,43;127,25;82,5
FR;2010;C;2;83503830;107582335;30036654;525084;241,47;141,47;67,45;6,89;3,81;4,31;128,84;77,61
FR;2010;C;3;473899368;511726578;106818132;1285891;289,45;189,45;54,13;8,18;3,99;5,96;107,98;71,03
FR;2010;F;1;54383111;69456989;24893179;486507;310,87;210,87;76,87;7,41;4,25;5,98;127,72;82,96
FR;2010;F;2;32391677;35114061;9623540;163573;409,26;309,26;79,84;7,77;3,86;6,66;108,4;82,06
FR;2010;F;3;57893006;55449762;14468195;236335;572,45;472,45;78,98;6,03;3,66;6,33;95,78;86,89
FR;2010;G;1;86913892;161465984;30913187;595586;280,5;180,5;70,49;4,54;3,2;3,79;185,78;78,16
FR;2010;G;2;88553131;200608390;25867734;467521;294,46;194,46;75,06;3,62;2,57;2,92;226,54;74,84
FR;2010;G;3;262867868;646710606;64360526;1083660;320,76;220,76;67,03;3,54;2,23;2,67;246,02;71,72
FR;2011;C;1;60636886;80768599;27943252;544146;249,42;149,41;71,96;6,86;3,84;4,59;133,2;81,38
FR;2011;C;2;89107022;115620968;31239473;532528;242,09;142,09;66,6;6,66;3,56;4,11;129,76;78,13
FR;2011;C;3;482061159;558402595;107092936;1310242;289,16;189,16;56,6;6,99;3,02;4,34;115,84;73,82
FR;2011;F;1;57397295;73210299;25648679;488912;317,54;217,54;77,77;7,15;4,05;5,77;127,55;83,32
FR;2011;F;2;33546212;38294403;10075388;168775;473,66;373,66;81,67;5,97;3,72;5,2;114,15;82,24
FR;2011;F;3;63158994;61159557;15690444;247520;600,94;500,94;81,09;5,96;3,5;6,18;96,83;87,17
FR;2011;G;1;91432548;169736698;32372087;602889;286,05;186,05;69,73;4,62;3,26;3,87;185,64;77,66
FR;2011;G;2;93494663;213864592;27271474;471804;297,79;197,79;75,86;3,72;2,68;3,07;228,75;73,9
FR;2011;G;3;277765223;709190061;66968150;1111561;319,34;219,34;67,49;3,33;2,05;2,45;255,32;72,31
FR;2012;C;1;60682004;81035660;27810553;537355;247,63;147,63;71,32;6,43;3,32;4,04;133,54;82,73
FR;2012;C;2;89567059;114615905;30883145;529009;244,66;144,66;65,8;6,05;3,06;3,56;127,97;80,17
FR;2012;C;3;534850440;561884672;106201399;1309462;269,23;169,23;52,73;6,88;2,38;4,55;105,05;76,85
FR;2012;F;1;55219328;73563409;25465536;484618;307,57;207,57;77,38;6,47;3,42;5,19;133,22;85,03
FR;2012;F;2;37997200;39731206;10282659;174014;456,56;356,57;77,71;5,33;3,17;4,38;104,56;84,99
FR;2012;F;3;61004419;60932102;15229186;245984;602,47;502,47;81,19;4,55;2,71;4,93;99,88;89,81
FR;2012;G;1;93271070;173521854;32683018;604650;281,53;181,53;68,66;4,3;2,95;3,49;186,04;78,99
FR;2012;G;2;94029274;218238026;27273327;479208;296,82;196,82;75,57;3,3;2,24;2,63;232,1;76,65
FR;2012;G;3;283803215;721643578;69021120;1126818;312,81;212,81;66,96;3,36;1,98;2,55;254,28;73,32
FR;2013;C;1;61356059;79355960;27363121;524362;238,61;138,61;71,35;6,61;3,31;4,48;129,34;82,69
FR;2013;C;2;87191242;113317739;30839724;513250;243,45;143,45;67,97;6,24;3,34;3,68;129,96;79,14
FR;2013;C;3;539062077;564546476;109567819;1307781;272,35;172,35;52,58;6,94;2,62;4,18;104,73;76,62
FR;2013;F;1;51380365;70683021;24655039;464718;288,08;188,08;75,95;6,91;3,52;5,49;137,57;84,97
FR;2013;F;2;34831522;38373270;10349126;173206;480;380,01;79,87;5,31;3,21;4,5;110,17;84,36
FR;2013;F;3;61257345;64229400;16059825;255336;589,49;489,49;81,68;4,7;2,81;4,56;104,85;88,74
FR;2013;G;1;95669462;174108599;32974011;596715;269,65;169,65;67,85;4,54;3,11;3,63;181,99;78,23
FR;2013;G;2;95072467;217207824;26997627;471092;286,35;186,35;75;3,26;2,26;2,58;228,47;76,89
FR;2013;G;3;294939150;750484578;68894575;1137549;300,26;200,26;66,97;3;1,84;2,19;254,45;74,21
FR;2014;C;1;62773117;79899010;27631251;519469;233,63;133,63;71,39;6,9;3,66;4,46;127,28;81,63
FR;2014;C;2;88761798;113088170;31043629;507193;238,37;138,37;68,18;6,64;3,45;4,13;127,41;78,21
FR;2014;C;3;542608687;590158775;111338438;1299866;284,83;184,83;53,69;7,56;2,25;5,14;108,76;75,88
FR;2014;F;1;48814498;69588374;24400917;455343;276,02;176,02;76,43;6,56;3,52;5,03;142,56;84,87
FR;2014;F;2;35231119;37255571;10152276;170641;451,8;351,8;76,84;5,51;3;3,98;105,75;85
FR;2014;F;3;64601538;65272306;16003268;250115;523,22;423,22;78,43;4,9;2,65;5,73;101,04;88,65
FR;2014;G;1;98702673;175506706;33256784;596562;259,77;159,77;67,6;4,47;3,13;3,61;177,81;78,31
FR;2014;G;2;97833583;216023120;27455642;470774;279,51;179,51;75,08;3,39;2,34;2,71;220,81;76,38
FR;2014;G;3;307089190;739479830;69884511;1155977;304,24;204,24;66,89;3,01;1,71;2,21;240,8;75,82
FR;2015;C;1;64696285;79304273;27605987;511424;227,09;127,09;70,87;7,24;3,79;5,06;122,58;81,3
FR;2015;C;2;91254051;113606415;31267773;504438;234,88;134,88;67,7;6,81;3,58;4,27;124,49;78,27
FR;2015;C;3;559170979;586272771;119561434;1279007;286,19;186,19;54,75;8,42;4,04;5,8;104,85;70,57
FR;2015;F;1;48169823;68082768;23965005;445819;263,34;163,34;77,39;6,16;3,42;4,57;141,34;85,06
FR;2015;F;2;33813613;36007619;9879036;162984;424,31;324,31;75,59;7,34;3,22;6,02;106,49;84,34
FR;2015;F;3;64501112;60063454;14994454;239295;557,29;457,29;75,34;4,66;2,3;4,14;93,12;91,41
FR;2015;G;1;101847030;178071537;33911519;598885;254,87;154,87;67,19;4,53;3,22;3,64;174,84;77,98
FR;2015;G;2;101761851;218085895;28067525;468726;279,42;179,42;75,43;3,56;2,47;2,83;214,31;75,48
FR;2015;G;3;323713778;769881245;71782277;1154123;304,24;204,24;66,23;2,95;1,79;2,21;237,83;74,93
FR;2016;C;1;65380739;79922743;27896753;510117;225,83;125,83;71,14;7,21;3,9;4,72;122,24;81,04
FR;2016;C;2;95136338;114963331;32333444;503587;227,87;127,87;67,88;7,33;4,04;4,63;120,84;76,36
FR;2016;C;3;586352973;588018877;124750388;1286283;283,05;183,05;55,2;8,78;4,53;6,4;100,28;68,69
FR;2016;F;1;49264338;69095736;24169684;441082;267,94;167,94;77,61;6,08;3,67;4,62;140,26;84,56
FR;2016;F;2;36625962;37186185;10052715;162868;422,95;322,95;76,4;6,62;3,07;5,86;101,53;85,04
FR;2016;F;3;68685818;60167181;14919737;241011;568,13;468,13;75,01;4,46;1,86;4,57;87,6;93,46
FR;2016;G;1;107196710;182358877;35184590;607765;244,71;144,71;66,6;4,77;3,47;3,9;170,12;77,1
FR;2016;G;2;106088973;223303483;28815394;473388;279,59;179,59;75,83;3,56;2,54;2,92;210,49;75,13
FR;2016;G;3;341486035;792246184;75133598;1187658;304,72;204,72;66,79;3,06;1,91;2,24;232;74,23
FR;2017;C;1;78618639;80122324;28022865;501372;243,21;143,21;70,15;7,59;4,08;4,68;101,91;79,95
FR;2017;C;2;96231526;115370114;31914315;495414;229,06;129,06;67,38;6,92;3,87;4,31;119,89;77,15
FR;2017;C;3;586866892;625427760;128520423;1285248;264,11;164,11;57,93;8,73;4,94;6,63;106,57;67,16
FR;2017;F;1;53993172;72022537;24934807;445083;272,24;172,24;77,13;6,45;3,98;5,06;133,39;83,45
FR;2017;F;2;38615543;39375544;10267145;164817;421,4;321,4;73,43;5,27;2,95;4,98;101,97;85,16
FR;2017;F;3;73996819;65638043;16214875;249203;537,52;437,52;74,28;4,15;2,7;3,88;88,7;89,91
FR;2017;G;1;110434285;185364974;35954175;613128;244,73;144,73;67,3;4,82;3,6;4,14;167,85;76,8
FR;2017;G;2;110501823;229397749;29591812;478351;275,44;175,44;75,27;3,63;2,64;2,9;207,6;74,55
FR;2017;G;3;358150812;820927866;76932817;1198872;306,42;206,42;66,36;3,17;1,98;2,52;229,21;73,66
FR;2018;C;1;67258604;80345958;27846389;493840;224,2;124,2;70,55;7,5;4,07;4,83;119,46;80,17
FR;2018;C;2;100253824;118467650;32182353;499543;235,18;135,18;67,01;6,53;3,61;3,78;118,17;78,1
FR;2018;C;3;650994971;719690482;128374514;1315227;274,8;174,8;56,94;7,27;3,71;5,07;110,55;69,89
FR;2018;F;1;54754451;73793810;25395894;445000;262,48;162,48;75,59;6,68;4,1;5,27;134,77;82,98
FR;2018;F;2;39444734;40758694;10628493;167769;448,16;348,16;75,77;5,13;2,72;4,06;103,33;85,27
FR;2018;F;3;81575080;69665886;17186593;261170;559,77;459,77;72,75;5,32;2,64;5,06;85,4;90,79
FR;2018;G;1;111709453;186609590;36329780;612352;238,76;138,76;66,56;4,85;3,53;3,97;167,05;77,01
FR;2018;G;2;115512421;237598314;30816690;486301;277,06;177,06;75,86;3,76;2,66;3,09;205,69;74,33
FR;2018;G;3;375637021;866387307;78189321;1220099;326,83;226,83;68,06;3,05;1,83;2,2;230,64;74,01
FR;2019;C;1;63625008;74167189;25768787;450192;244,57;144,57;70,2;7,53;3,78;5,04;116,57;80,07
FR;2019;C;2;95734179;115827259;31676343;490036;234,47;134,47;67,42;6,74;3,52;3,68;120,99;77,5
FR;2019;C;3;653607370;724993896;130813077;1309546;269,24;169,24;56,1;7,78;3,73;5,2;110,92;68,91
FR;2019;F;1;52380612;70525816;24284688;409256;271,31;171,31;75,32;7,21;4,53;5,8;134,64;81,38
FR;2019;F;2;42044683;43876471;11395736;171652;425,42;325,42;75,89;6,09;3,44;4,72;104,36;82,52
FR;2019;F;3;81638633;74201196;18243273;270014;561,22;461,22;72,79;4,87;2,55;4,69;90,89;90,2
FR;2019;G;1;102122586;171646670;33466260;554171;235,44;135,44;66,32;4,99;3,65;4,13;168,08;76,22
FR;2019;G;2;110569880;225914365;29008478;456970;275,46;175,46;75,76;3,74;2,61;3,04;204,32;74,19
FR;2019;G;3;381994076;871479359;80939265;1203994;323,46;223,46;68,39;3,34;2,09;2,43;228,14;72,18
